"Snowflake Function","Postgresql Function","Replica Emulation","Notes"
`: <https://docs.snowflake.net/manuals/sql-reference/functions/get_path.html>`__,not supported,not supported,""
`:: <https://docs.snowflake.net/manuals/sql-reference/functions/cast.html>`__,not supported,not supported,""
`ABS <https://docs.snowflake.net/manuals/sql-reference/functions/abs.html>`__,`ABS <https://www.postgresql.org/docs/12/functions-json.html>`__,not supported,""
`ACOS <https://docs.snowflake.net/manuals/sql-reference/functions/acos.html>`__,`ACOS <https://www.postgresql.org/docs/12/functions-math.html>`__,not supported,""
`ACOSH <https://docs.snowflake.net/manuals/sql-reference/functions/acosh.html>`__,`ACOSH <https://www.postgresql.org/docs/12/functions-math.html>`__,not supported,""
`ADD_MONTHS <https://docs.snowflake.net/manuals/sql-reference/functions/add_months.html>`__,not supported,not supported,""
`ALTER PIPE <https://docs.snowflake.net/manuals/sql-reference/sql/alter-pipe.html>`__,not supported,not supported,""
`ANY_VALUE <https://docs.snowflake.net/manuals/sql-reference/functions/any_value.html>`__,not supported,`ANY_VALUE <https://bitbucket.org/healthunion/snowshu/src/master/snowshu/adapters/target_adapters/functions/ANY_VALUE.sql>`__," Emulates as GREATEST (ie MAX value) 
"
`APPROXIMATE_JACCARD_INDEX <https://docs.snowflake.net/manuals/sql-reference/functions/approximate_jaccard_index.html>`__,not supported,not supported,""
`APPROXIMATE_SIMILARITY <https://docs.snowflake.net/manuals/sql-reference/functions/approximate_similarity.html>`__,not supported,not supported,""
`APPROX_COUNT_DISTINCT <https://docs.snowflake.net/manuals/sql-reference/functions/approx_count_distinct.html>`__,not supported,not supported,""
`APPROX_PERCENTILE <https://docs.snowflake.net/manuals/sql-reference/functions/approx_percentile.html>`__,not supported,not supported,""
`APPROX_PERCENTILE_ACCUMULATE <https://docs.snowflake.net/manuals/sql-reference/functions/approx_percentile_accumulate.html>`__,not supported,not supported,""
`APPROX_PERCENTILE_COMBINE <https://docs.snowflake.net/manuals/sql-reference/functions/approx_percentile_combine.html>`__,not supported,not supported,""
`APPROX_PERCENTILE_ESTIMATE <https://docs.snowflake.net/manuals/sql-reference/functions/approx_percentile_estimate.html>`__,not supported,not supported,""
`APPROX_TOP_K <https://docs.snowflake.net/manuals/sql-reference/functions/approx_top_k.html>`__,not supported,not supported,""
`APPROX_TOP_K_ACCUMULATE <https://docs.snowflake.net/manuals/sql-reference/functions/approx_top_k_accumulate.html>`__,not supported,not supported,""
`APPROX_TOP_K_COMBINE <https://docs.snowflake.net/manuals/sql-reference/functions/approx_top_k_combine.html>`__,not supported,not supported,""
`APPROX_TOP_K_ESTIMATE <https://docs.snowflake.net/manuals/sql-reference/functions/approx_top_k_estimate.html>`__,not supported,not supported,""
`ARRAYS_OVERLAP <https://docs.snowflake.net/manuals/sql-reference/functions/arrays_overlap.html>`__,not supported,not supported,""
`ARRAY_AGG <https://docs.snowflake.net/manuals/sql-reference/functions/array_agg.html>`__,`ARRAY_AGG <https://www.postgresql.org/docs/12/functions-aggregate.html>`__,not supported,""
`ARRAY_APPEND <https://docs.snowflake.net/manuals/sql-reference/functions/array_append.html>`__,`ARRAY_APPEND <https://www.postgresql.org/docs/12/functions-array.html>`__,not supported,""
`ARRAY_CAT <https://docs.snowflake.net/manuals/sql-reference/functions/array_cat.html>`__,`ARRAY_CAT <https://www.postgresql.org/docs/12/functions-array.html>`__,not supported,""
`ARRAY_COMPACT <https://docs.snowflake.net/manuals/sql-reference/functions/array_compact.html>`__,not supported,not supported,""
`ARRAY_CONSTRUCT <https://docs.snowflake.net/manuals/sql-reference/functions/array_construct.html>`__,not supported,not supported,""
`ARRAY_CONSTRUCT_COMPACT <https://docs.snowflake.net/manuals/sql-reference/functions/array_construct_compact.html>`__,not supported,not supported,""
`ARRAY_CONTAINS <https://docs.snowflake.net/manuals/sql-reference/functions/array_contains.html>`__,not supported,not supported,""
`ARRAY_INSERT <https://docs.snowflake.net/manuals/sql-reference/functions/array_insert.html>`__,not supported,not supported,""
`ARRAY_INTERSECTION <https://docs.snowflake.net/manuals/sql-reference/functions/array_intersection.html>`__,not supported,not supported,""
`ARRAY_POSITION <https://docs.snowflake.net/manuals/sql-reference/functions/array_position.html>`__,`ARRAY_POSITION <https://www.postgresql.org/docs/12/functions-array.html>`__,not supported,""
`ARRAY_PREPEND <https://docs.snowflake.net/manuals/sql-reference/functions/array_prepend.html>`__,`ARRAY_PREPEND <https://www.postgresql.org/docs/12/functions-array.html>`__,not supported,""
`ARRAY_SIZE <https://docs.snowflake.net/manuals/sql-reference/functions/array_size.html>`__,not supported,not supported,""
`ARRAY_SLICE <https://docs.snowflake.net/manuals/sql-reference/functions/array_slice.html>`__,not supported,not supported,""
`ARRAY_TO_STRING <https://docs.snowflake.net/manuals/sql-reference/functions/array_to_string.html>`__,`ARRAY_TO_STRING <https://www.postgresql.org/docs/12/functions-array.html>`__,not supported,""
`ASCII <https://docs.snowflake.net/manuals/sql-reference/functions/ascii.html>`__,`ASCII <https://www.postgresql.org/docs/12/functions-string.html>`__,not supported,""
`ASIN <https://docs.snowflake.net/manuals/sql-reference/functions/asin.html>`__,`ASIN <https://www.postgresql.org/docs/12/functions-math.html>`__,not supported,""
`ASINH <https://docs.snowflake.net/manuals/sql-reference/functions/asinh.html>`__,`ASINH <https://www.postgresql.org/docs/12/functions-math.html>`__,not supported,""
`AS_<OBJECT_TYPE> <https://docs.snowflake.net/manuals/sql-reference/functions/as.html>`__,not supported,not supported,""
`AS_ARRAY <https://docs.snowflake.net/manuals/sql-reference/functions/as_array.html>`__,not supported,not supported,""
`AS_BINARY <https://docs.snowflake.net/manuals/sql-reference/functions/as_binary.html>`__,not supported,not supported,""
`AS_BOOLEAN <https://docs.snowflake.net/manuals/sql-reference/functions/as_boolean.html>`__,not supported,not supported,""
`AS_CHAR <https://docs.snowflake.net/manuals/sql-reference/functions/as_char-varchar.html>`__,not supported,not supported,""
`AS_DATE <https://docs.snowflake.net/manuals/sql-reference/functions/as_date.html>`__,not supported,not supported,""
`AS_DECIMAL <https://docs.snowflake.net/manuals/sql-reference/functions/as_decimal-number.html>`__,not supported,not supported,""
`AS_DOUBLE <https://docs.snowflake.net/manuals/sql-reference/functions/as_double-real.html>`__,not supported,not supported,""
`AS_INTEGER <https://docs.snowflake.net/manuals/sql-reference/functions/as_integer.html>`__,not supported,not supported,""
`AS_NUMBER <https://docs.snowflake.net/manuals/sql-reference/functions/as_decimal-number.html>`__,not supported,not supported,""
`AS_OBJECT <https://docs.snowflake.net/manuals/sql-reference/functions/as_object.html>`__,not supported,not supported,""
`AS_REAL <https://docs.snowflake.net/manuals/sql-reference/functions/as_double-real.html>`__,not supported,not supported,""
`AS_TIME <https://docs.snowflake.net/manuals/sql-reference/functions/as_time.html>`__,not supported,not supported,""
`AS_TIMESTAMP_* <https://docs.snowflake.net/manuals/sql-reference/functions/as_timestamp.html>`__,not supported,not supported,""
`AS_VARCHAR <https://docs.snowflake.net/manuals/sql-reference/functions/as_char-varchar.html>`__,not supported,not supported,""
`ATAN <https://docs.snowflake.net/manuals/sql-reference/functions/atan.html>`__,`ATAN <https://www.postgresql.org/docs/12/functions-math.html>`__,not supported,""
`ATAN2 <https://docs.snowflake.net/manuals/sql-reference/functions/atan2.html>`__,`ATAN2 <https://www.postgresql.org/docs/12/functions-math.html>`__,not supported,""
`ATANH <https://docs.snowflake.net/manuals/sql-reference/functions/atanh.html>`__,`ATANH <https://www.postgresql.org/docs/12/functions-math.html>`__,not supported,""
`AUTOMATIC CLUSTERING <https://docs.snowflake.net/manuals/sql-reference/../user-guide/tables-auto-reclustering.html>`__,not supported,not supported,""
`AUTOMATIC_CLUSTERING_HISTORY <https://docs.snowflake.net/manuals/sql-reference/functions/automatic_clustering_history.html>`__,not supported,not supported,""
`AVG <https://docs.snowflake.net/manuals/sql-reference/functions/avg.html>`__,`AVG <https://www.postgresql.org/docs/12/functions-aggregate.html>`__,not supported,""
`BASE64_DECODE_BINARY <https://docs.snowflake.net/manuals/sql-reference/functions/base64_decode_binary.html>`__,not supported,not supported,""
`BASE64_DECODE_STRING <https://docs.snowflake.net/manuals/sql-reference/functions/base64_decode_string.html>`__,not supported,not supported,""
`BASE64_ENCODE <https://docs.snowflake.net/manuals/sql-reference/functions/base64_encode.html>`__,not supported,not supported,""
`BETWEEN <https://docs.snowflake.net/manuals/sql-reference/functions/between.html>`__,`BETWEEN <https://www.postgresql.org/docs/12/functions-comparison.html>`__,not supported,""
`BITAND <https://docs.snowflake.net/manuals/sql-reference/functions/bitand.html>`__,not supported,not supported,""
`BITAND_AGG <https://docs.snowflake.net/manuals/sql-reference/functions/bitand_agg.html>`__,not supported,not supported,""
`BITNOT <https://docs.snowflake.net/manuals/sql-reference/functions/bitnot.html>`__,not supported,not supported,""
`BITOR <https://docs.snowflake.net/manuals/sql-reference/functions/bitor.html>`__,not supported,not supported,""
`BITOR_AGG <https://docs.snowflake.net/manuals/sql-reference/functions/bitor_agg.html>`__,not supported,not supported,""
`BITSHIFTLEFT <https://docs.snowflake.net/manuals/sql-reference/functions/bitshiftleft.html>`__,not supported,not supported,""
`BITSHIFTRIGHT <https://docs.snowflake.net/manuals/sql-reference/functions/bitshiftright.html>`__,not supported,not supported,""
`BITXOR <https://docs.snowflake.net/manuals/sql-reference/functions/bitxor.html>`__,not supported,not supported,""
`BITXOR_AGG <https://docs.snowflake.net/manuals/sql-reference/functions/bitxor_agg.html>`__,not supported,not supported,""
`BIT_LENGTH <https://docs.snowflake.net/manuals/sql-reference/functions/bit_length.html>`__,`BIT_LENGTH <https://www.postgresql.org/docs/12/functions-string.html>`__,not supported,""
`BOOLAND <https://docs.snowflake.net/manuals/sql-reference/functions/booland.html>`__,not supported,not supported,""
`BOOLAND_AGG <https://docs.snowflake.net/manuals/sql-reference/functions/booland_agg.html>`__,not supported,not supported,""
`BOOLNOT <https://docs.snowflake.net/manuals/sql-reference/functions/boolnot.html>`__,not supported,not supported,""
`BOOLOR <https://docs.snowflake.net/manuals/sql-reference/functions/boolor.html>`__,not supported,not supported,""
`BOOLOR_AGG <https://docs.snowflake.net/manuals/sql-reference/functions/boolor_agg.html>`__,not supported,not supported,""
`BOOLXOR <https://docs.snowflake.net/manuals/sql-reference/functions/boolxor.html>`__,not supported,not supported,""
`BOOLXOR_AGG <https://docs.snowflake.net/manuals/sql-reference/functions/boolxor_agg.html>`__,not supported,not supported,""
`CASE <https://docs.snowflake.net/manuals/sql-reference/functions/case.html>`__,not supported,not supported,""
`CAST <https://docs.snowflake.net/manuals/sql-reference/functions/cast.html>`__,not supported,not supported,""
`CBRT <https://docs.snowflake.net/manuals/sql-reference/functions/cbrt.html>`__,`CBRT <https://www.postgresql.org/docs/12/functions-math.html>`__,not supported,""
`CEIL <https://docs.snowflake.net/manuals/sql-reference/functions/ceil.html>`__,`CEIL <https://www.postgresql.org/docs/12/functions-math.html>`__,not supported,""
`CHAR <https://docs.snowflake.net/manuals/sql-reference/functions/chr.html>`__,not supported,not supported,""
`CHARINDEX <https://docs.snowflake.net/manuals/sql-reference/functions/charindex.html>`__,not supported,not supported,""
`CHECK_JSON <https://docs.snowflake.net/manuals/sql-reference/functions/check_json.html>`__,not supported,not supported,""
`CHECK_XML <https://docs.snowflake.net/manuals/sql-reference/functions/check_xml.html>`__,not supported,not supported,""
`CHR <https://docs.snowflake.net/manuals/sql-reference/functions/chr.html>`__,`CHR <https://www.postgresql.org/docs/12/functions-string.html>`__,not supported,""
`COALESCE <https://docs.snowflake.net/manuals/sql-reference/functions/coalesce.html>`__,not supported,not supported,""
`COLLATE <https://docs.snowflake.net/manuals/sql-reference/functions/collate.html>`__,not supported,not supported,""
`COLLATION <https://docs.snowflake.net/manuals/sql-reference/functions/collation.html>`__,not supported,not supported,""
`COMPRESS <https://docs.snowflake.net/manuals/sql-reference/functions/compress.html>`__,not supported,not supported,""
`CONCAT <https://docs.snowflake.net/manuals/sql-reference/functions/concat.html>`__,`CONCAT <https://www.postgresql.org/docs/12/functions-string.html>`__,not supported,""
`CONDITIONAL_CHANGE_EVENT <https://docs.snowflake.net/manuals/sql-reference/functions/conditional_change_event.html>`__,not supported,not supported,""
`CONDITIONAL_TRUE_EVENT <https://docs.snowflake.net/manuals/sql-reference/functions/conditional_true_event.html>`__,not supported,not supported,""
`CONTAINS <https://docs.snowflake.net/manuals/sql-reference/functions/contains.html>`__,not supported,not supported,""
`CONVERT_TIMEZONE <https://docs.snowflake.net/manuals/sql-reference/functions/convert_timezone.html>`__,not supported,not supported,""
`COPY INTO <TABLE> <https://docs.snowflake.net/manuals/sql-reference/sql/copy-into-table.html>`__,not supported,not supported,""
`COPY_HISTORY <https://docs.snowflake.net/manuals/sql-reference/functions/copy_history.html>`__,not supported,not supported,""
`CORR <https://docs.snowflake.net/manuals/sql-reference/functions/corr.html>`__,`CORR <https://www.postgresql.org/docs/12/functions-aggregate.html>`__,not supported,""
`COS <https://docs.snowflake.net/manuals/sql-reference/functions/cos.html>`__,`COS <https://www.postgresql.org/docs/12/functions-math.html>`__,not supported,""
`COSH <https://docs.snowflake.net/manuals/sql-reference/functions/cosh.html>`__,`COSH <https://www.postgresql.org/docs/12/functions-math.html>`__,not supported,""
`COT <https://docs.snowflake.net/manuals/sql-reference/functions/cot.html>`__,`COT <https://www.postgresql.org/docs/12/functions-math.html>`__,not supported,""
`COUNT <https://docs.snowflake.net/manuals/sql-reference/functions/count.html>`__,`COUNT <https://www.postgresql.org/docs/12/functions-aggregate.html>`__,not supported,""
`COVAR_POP <https://docs.snowflake.net/manuals/sql-reference/functions/covar_pop.html>`__,`COVAR_POP <https://www.postgresql.org/docs/12/functions-aggregate.html>`__,not supported,""
`COVAR_SAMP <https://docs.snowflake.net/manuals/sql-reference/functions/covar_samp.html>`__,`COVAR_SAMP <https://www.postgresql.org/docs/12/functions-aggregate.html>`__,not supported,""
`CUME_DIST <https://docs.snowflake.net/manuals/sql-reference/functions/cume_dist.html>`__,`CUME_DIST <https://www.postgresql.org/docs/12/functions-window.html>`__,not supported,""
`CURRENT_ACCOUNT <https://docs.snowflake.net/manuals/sql-reference/functions/current_account.html>`__,not supported,not supported,""
`CURRENT_CLIENT <https://docs.snowflake.net/manuals/sql-reference/functions/current_client.html>`__,not supported,not supported,""
`CURRENT_DATABASE <https://docs.snowflake.net/manuals/sql-reference/functions/current_database.html>`__,`CURRENT_DATABASE <https://www.postgresql.org/docs/12/functions-info.html>`__,not supported,""
`CURRENT_DATE <https://docs.snowflake.net/manuals/sql-reference/functions/current_date.html>`__,`CURRENT_DATE <https://www.postgresql.org/docs/12/functions-datetime.html>`__,not supported,""
`CURRENT_REGION <https://docs.snowflake.net/manuals/sql-reference/functions/current_region.html>`__,not supported,not supported,""
`CURRENT_ROLE <https://docs.snowflake.net/manuals/sql-reference/functions/current_role.html>`__,`CURRENT_ROLE <https://www.postgresql.org/docs/12/functions-info.html>`__,not supported,""
`CURRENT_SCHEMA <https://docs.snowflake.net/manuals/sql-reference/functions/current_schema.html>`__,`CURRENT_SCHEMA <https://www.postgresql.org/docs/12/functions-info.html>`__,not supported,""
`CURRENT_SCHEMAS <https://docs.snowflake.net/manuals/sql-reference/functions/current_schemas.html>`__,`CURRENT_SCHEMAS <https://www.postgresql.org/docs/12/functions-info.html>`__,not supported,""
`CURRENT_SESSION <https://docs.snowflake.net/manuals/sql-reference/functions/current_session.html>`__,not supported,not supported,""
`CURRENT_STATEMENT <https://docs.snowflake.net/manuals/sql-reference/functions/current_statement.html>`__,not supported,not supported,""
`CURRENT_TIME <https://docs.snowflake.net/manuals/sql-reference/functions/current_time.html>`__,`CURRENT_TIME <https://www.postgresql.org/docs/12/functions-datetime.html>`__,not supported,""
`CURRENT_TIMESTAMP <https://docs.snowflake.net/manuals/sql-reference/functions/current_timestamp.html>`__,`CURRENT_TIMESTAMP <https://www.postgresql.org/docs/12/functions-datetime.html>`__,not supported,""
`CURRENT_TRANSACTION <https://docs.snowflake.net/manuals/sql-reference/functions/current_transaction.html>`__,not supported,not supported,""
`CURRENT_USER <https://docs.snowflake.net/manuals/sql-reference/functions/current_user.html>`__,`CURRENT_USER <https://www.postgresql.org/docs/12/functions-info.html>`__,not supported,""
`CURRENT_VERSION <https://docs.snowflake.net/manuals/sql-reference/functions/current_version.html>`__,not supported,not supported,""
`CURRENT_WAREHOUSE <https://docs.snowflake.net/manuals/sql-reference/functions/current_warehouse.html>`__,not supported,not supported,""
`DATABASE_REFRESH_HISTORY <https://docs.snowflake.net/manuals/sql-reference/functions/database_refresh_history.html>`__,not supported,not supported,""
`DATABASE_REFRESH_PROGRESS <https://docs.snowflake.net/manuals/sql-reference/functions/database_refresh_progress.html>`__,not supported,not supported,""
`DATABASE_REFRESH_PROGRESS_BY_JOB <https://docs.snowflake.net/manuals/sql-reference/functions/database_refresh_progress.html>`__,not supported,not supported,""
`DATABASE_STORAGE_USAGE_HISTORY <https://docs.snowflake.net/manuals/sql-reference/functions/database_storage_usage_history.html>`__,not supported,not supported,""
`DATA_TRANSFER_HISTORY <https://docs.snowflake.net/manuals/sql-reference/functions/data_transfer_history.html>`__,not supported,not supported,""
`DATEADD <https://docs.snowflake.net/manuals/sql-reference/functions/dateadd.html>`__,not supported,not supported,""
`DATEDIFF <https://docs.snowflake.net/manuals/sql-reference/functions/datediff.html>`__,not supported,not supported,""
`DATE_FROM_PARTS <https://docs.snowflake.net/manuals/sql-reference/functions/date_from_parts.html>`__,not supported,not supported,""
`DATE_PART <https://docs.snowflake.net/manuals/sql-reference/functions/date_part.html>`__,`DATE_PART <https://www.postgresql.org/docs/12/functions-datetime.html>`__,not supported,""
`DATE_TRUNC <https://docs.snowflake.net/manuals/sql-reference/functions/date_trunc.html>`__,`DATE_TRUNC <https://www.postgresql.org/docs/12/functions-datetime.html>`__,not supported,""
`DAYNAME <https://docs.snowflake.net/manuals/sql-reference/functions/dayname.html>`__,not supported,not supported,""
`DECODE <https://docs.snowflake.net/manuals/sql-reference/functions/decode.html>`__,`DECODE <https://www.postgresql.org/docs/12/functions-binarystring.html>`__,not supported,""
`DECOMPRESS_BINARY <https://docs.snowflake.net/manuals/sql-reference/functions/decompress_binary.html>`__,not supported,not supported,""
`DECOMPRESS_STRING <https://docs.snowflake.net/manuals/sql-reference/functions/decompress_string.html>`__,not supported,not supported,""
`DEGREES <https://docs.snowflake.net/manuals/sql-reference/functions/degrees.html>`__,`DEGREES <https://www.postgresql.org/docs/12/functions-math.html>`__,not supported,""
`DENSE_RANK <https://docs.snowflake.net/manuals/sql-reference/functions/dense_rank.html>`__,`DENSE_RANK <https://www.postgresql.org/docs/12/functions-window.html>`__,not supported,""
`EDITDISTANCE <https://docs.snowflake.net/manuals/sql-reference/functions/editdistance.html>`__,not supported,not supported,""
`ENDSWITH <https://docs.snowflake.net/manuals/sql-reference/functions/endswith.html>`__,not supported,not supported,""
`EQUAL_NULL <https://docs.snowflake.net/manuals/sql-reference/functions/equal_null.html>`__,not supported,not supported,""
`EXP <https://docs.snowflake.net/manuals/sql-reference/functions/exp.html>`__,`EXP <https://www.postgresql.org/docs/12/functions-math.html>`__,not supported,""
`EXPLAIN_JSON <https://docs.snowflake.net/manuals/sql-reference/functions/explain_json.html>`__,not supported,not supported,""
`EXTERNAL TABLE <https://docs.snowflake.net/manuals/sql-reference/../user-guide/tables-external.html>`__,not supported,not supported,""
`EXTERNAL_TABLE_FILES <https://docs.snowflake.net/manuals/sql-reference/functions/external_table_files.html>`__,not supported,not supported,""
`EXTERNAL_TABLE_FILE_REGISTRATION_HISTORY <https://docs.snowflake.net/manuals/sql-reference/functions/external_table_registration_history.html>`__,not supported,not supported,""
`EXTRACT <https://docs.snowflake.net/manuals/sql-reference/functions/extract.html>`__,`EXTRACT <https://www.postgresql.org/docs/12/functions-datetime.html>`__,not supported,""
`FACTORIAL <https://docs.snowflake.net/manuals/sql-reference/functions/factorial.html>`__,not supported,not supported,""
`FIRST_VALUE <https://docs.snowflake.net/manuals/sql-reference/functions/first_value.html>`__,`FIRST_VALUE <https://www.postgresql.org/docs/12/functions-window.html>`__,not supported,""
`FLATTEN <https://docs.snowflake.net/manuals/sql-reference/functions/flatten.html>`__,not supported,not supported,""
`FLOOR <https://docs.snowflake.net/manuals/sql-reference/functions/floor.html>`__,`FLOOR <https://www.postgresql.org/docs/12/functions-json.html>`__,not supported,""
`GENERATOR <https://docs.snowflake.net/manuals/sql-reference/functions/generator.html>`__,not supported,not supported,""
`GET <https://docs.snowflake.net/manuals/sql-reference/functions/get.html>`__,not supported,not supported,""
`GET_DDL <https://docs.snowflake.net/manuals/sql-reference/functions/get_ddl.html>`__,not supported,not supported,""
`GET_IGNORE_CASE <https://docs.snowflake.net/manuals/sql-reference/functions/get_ignore_case.html>`__,not supported,not supported,""
`GET_OBJECT_REFERENCES <https://docs.snowflake.net/manuals/sql-reference/functions/get_object_references.html>`__,not supported,not supported,""
`GET_PATH <https://docs.snowflake.net/manuals/sql-reference/functions/get_path.html>`__,not supported,not supported,""
`GREATEST <https://docs.snowflake.net/manuals/sql-reference/functions/greatest.html>`__,not supported,not supported,""
`GROUP BY <https://docs.snowflake.net/manuals/sql-reference/constructs/group-by.html>`__,not supported,not supported,""
`GROUPING <https://docs.snowflake.net/manuals/sql-reference/functions/grouping.html>`__,`GROUPING <https://www.postgresql.org/docs/12/functions-aggregate.html>`__,not supported,""
`GROUPING_ID <https://docs.snowflake.net/manuals/sql-reference/functions/grouping_id.html>`__,not supported,not supported,""
`HASH <https://docs.snowflake.net/manuals/sql-reference/functions/hash.html>`__,not supported,not supported,""
`HASH_AGG <https://docs.snowflake.net/manuals/sql-reference/functions/hash_agg.html>`__,not supported,not supported,""
`HAVERSINE <https://docs.snowflake.net/manuals/sql-reference/functions/haversine.html>`__,not supported,not supported,""
`HEX_DECODE_BINARY <https://docs.snowflake.net/manuals/sql-reference/functions/hex_decode_binary.html>`__,not supported,not supported,""
`HEX_DECODE_STRING <https://docs.snowflake.net/manuals/sql-reference/functions/hex_decode_string.html>`__,not supported,not supported,""
`HEX_ENCODE <https://docs.snowflake.net/manuals/sql-reference/functions/hex_encode.html>`__,not supported,not supported,""
`HLL <https://docs.snowflake.net/manuals/sql-reference/functions/hll.html>`__,not supported,not supported,""
`HLL_ACCUMULATE <https://docs.snowflake.net/manuals/sql-reference/functions/hll_accumulate.html>`__,not supported,not supported,""
`HLL_COMBINE <https://docs.snowflake.net/manuals/sql-reference/functions/hll_combine.html>`__,not supported,not supported,""
`HLL_ESTIMATE <https://docs.snowflake.net/manuals/sql-reference/functions/hll_estimate.html>`__,not supported,not supported,""
`HLL_EXPORT <https://docs.snowflake.net/manuals/sql-reference/functions/hll_export.html>`__,not supported,not supported,""
`HLL_IMPORT <https://docs.snowflake.net/manuals/sql-reference/functions/hll_import.html>`__,not supported,not supported,""
`HOUR / MINUTE / SECOND <https://docs.snowflake.net/manuals/sql-reference/functions/hour-minute-second.html>`__,not supported,not supported,""
`IFF <https://docs.snowflake.net/manuals/sql-reference/functions/iff.html>`__,not supported,not supported,""
`IFNULL <https://docs.snowflake.net/manuals/sql-reference/functions/ifnull.html>`__,not supported,not supported,""
`ILIKE <https://docs.snowflake.net/manuals/sql-reference/functions/ilike.html>`__,not supported,not supported,""
`ILIKE ANY <https://docs.snowflake.net/manuals/sql-reference/functions/ilike_any.html>`__,not supported,not supported,""
`IN <https://docs.snowflake.net/manuals/sql-reference/functions/in.html>`__,not supported,not supported,""
`INITCAP <https://docs.snowflake.net/manuals/sql-reference/functions/initcap.html>`__,`INITCAP <https://www.postgresql.org/docs/12/functions-string.html>`__,not supported,""
`INSERT <https://docs.snowflake.net/manuals/sql-reference/functions/insert.html>`__,`INSERT <https://www.postgresql.org/docs/current/sql-insert.html>`__,not supported,""
`IS  DISTINCT FROM <https://docs.snowflake.net/manuals/sql-reference/functions/is-distinct-from.html>`__,not supported,not supported,""
`IS  NULL <https://docs.snowflake.net/manuals/sql-reference/functions/is-null.html>`__,not supported,not supported,""
`IS_<OBJECT_TYPE> <https://docs.snowflake.net/manuals/sql-reference/functions/is.html>`__,not supported,not supported,""
`IS_ARRAY <https://docs.snowflake.net/manuals/sql-reference/functions/is_array.html>`__,not supported,not supported,""
`IS_BINARY <https://docs.snowflake.net/manuals/sql-reference/functions/is_binary.html>`__,not supported,not supported,""
`IS_BOOLEAN <https://docs.snowflake.net/manuals/sql-reference/functions/is_boolean.html>`__,not supported,not supported,""
`IS_CHAR <https://docs.snowflake.net/manuals/sql-reference/functions/is_char-varchar.html>`__,not supported,not supported,""
`IS_DATE <https://docs.snowflake.net/manuals/sql-reference/functions/is_date-value.html>`__,not supported,not supported,""
`IS_DATE_VALUE <https://docs.snowflake.net/manuals/sql-reference/functions/is_date-value.html>`__,not supported,not supported,""
`IS_DECIMAL <https://docs.snowflake.net/manuals/sql-reference/functions/is_decimal.html>`__,not supported,not supported,""
`IS_DOUBLE <https://docs.snowflake.net/manuals/sql-reference/functions/is_double-real.html>`__,not supported,not supported,""
`IS_INTEGER <https://docs.snowflake.net/manuals/sql-reference/functions/is_integer.html>`__,not supported,not supported,""
`IS_NULL_VALUE <https://docs.snowflake.net/manuals/sql-reference/functions/is_null_value.html>`__,not supported,not supported,""
`IS_OBJECT <https://docs.snowflake.net/manuals/sql-reference/functions/is_object.html>`__,not supported,not supported,""
`IS_REAL <https://docs.snowflake.net/manuals/sql-reference/functions/is_double-real.html>`__,not supported,not supported,""
`IS_TIME <https://docs.snowflake.net/manuals/sql-reference/functions/is_time.html>`__,not supported,not supported,""
`IS_TIMESTAMP_* <https://docs.snowflake.net/manuals/sql-reference/functions/is_timestamp.html>`__,not supported,not supported,""
`IS_VARCHAR <https://docs.snowflake.net/manuals/sql-reference/functions/is_char-varchar.html>`__,not supported,not supported,""
`KURTOSIS <https://docs.snowflake.net/manuals/sql-reference/functions/kurtosis.html>`__,not supported,not supported,""
`LAG <https://docs.snowflake.net/manuals/sql-reference/functions/lag.html>`__,`LAG <https://www.postgresql.org/docs/12/functions-window.html>`__,not supported,""
`LAST_DAY <https://docs.snowflake.net/manuals/sql-reference/functions/last_day.html>`__,not supported,not supported,""
`LAST_QUERY_ID <https://docs.snowflake.net/manuals/sql-reference/functions/last_query_id.html>`__,not supported,not supported,""
`LAST_TRANSACTION <https://docs.snowflake.net/manuals/sql-reference/functions/last_transaction.html>`__,not supported,not supported,""
`LAST_VALUE <https://docs.snowflake.net/manuals/sql-reference/functions/last_value.html>`__,`LAST_VALUE <https://www.postgresql.org/docs/12/functions-window.html>`__,not supported,""
`LEAD <https://docs.snowflake.net/manuals/sql-reference/functions/lead.html>`__,`LEAD <https://www.postgresql.org/docs/12/functions-window.html>`__,not supported,""
`LEAST <https://docs.snowflake.net/manuals/sql-reference/functions/least.html>`__,not supported,not supported,""
`LEFT <https://docs.snowflake.net/manuals/sql-reference/functions/left.html>`__,`LEFT <https://www.postgresql.org/docs/12/functions-string.html>`__,not supported,""
`LENGTH <https://docs.snowflake.net/manuals/sql-reference/functions/length.html>`__,`LENGTH <https://www.postgresql.org/docs/12/functions-textsearch.html>`__,not supported,""
`LIKE <https://docs.snowflake.net/manuals/sql-reference/functions/like.html>`__,not supported,not supported,""
`LIKE ALL <https://docs.snowflake.net/manuals/sql-reference/functions/like_all.html>`__,not supported,not supported,""
`LIKE ANY <https://docs.snowflake.net/manuals/sql-reference/functions/like_any.html>`__,not supported,not supported,""
`LISTAGG <https://docs.snowflake.net/manuals/sql-reference/functions/listagg.html>`__,not supported,not supported,""
`LN <https://docs.snowflake.net/manuals/sql-reference/functions/ln.html>`__,`LN <https://www.postgresql.org/docs/12/functions-math.html>`__,not supported,""
`LOCALTIME <https://docs.snowflake.net/manuals/sql-reference/functions/localtime.html>`__,`LOCALTIME <https://www.postgresql.org/docs/12/functions-datetime.html>`__,not supported,""
`LOCALTIMESTAMP <https://docs.snowflake.net/manuals/sql-reference/functions/localtimestamp.html>`__,`LOCALTIMESTAMP <https://www.postgresql.org/docs/12/functions-datetime.html>`__,not supported,""
`LOG <https://docs.snowflake.net/manuals/sql-reference/functions/log.html>`__,`LOG <https://www.postgresql.org/docs/12/functions-math.html>`__,not supported,""
`LOGIN_HISTORY <https://docs.snowflake.net/manuals/sql-reference/functions/login_history.html>`__,not supported,not supported,""
`LOGIN_HISTORY_BY_USER <https://docs.snowflake.net/manuals/sql-reference/functions/login_history.html>`__,not supported,not supported,""
`LOWER <https://docs.snowflake.net/manuals/sql-reference/functions/lower.html>`__,`LOWER <https://www.postgresql.org/docs/12/functions-range.html>`__,not supported,""
`LPAD <https://docs.snowflake.net/manuals/sql-reference/functions/lpad.html>`__,`LPAD <https://www.postgresql.org/docs/12/functions-string.html>`__,not supported,""
`LTRIM <https://docs.snowflake.net/manuals/sql-reference/functions/ltrim.html>`__,`LTRIM <https://www.postgresql.org/docs/12/functions-string.html>`__,not supported,""
`MATERIALIZED VIEWS <https://docs.snowflake.net/manuals/sql-reference/../user-guide/views-materialized.html>`__,not supported,not supported,""
`MATERIALIZED_VIEW_REFRESH_HISTORY <https://docs.snowflake.net/manuals/sql-reference/functions/materialized_view_refresh_history.html>`__,not supported,not supported,""
`MD5 <https://docs.snowflake.net/manuals/sql-reference/functions/md5.html>`__,`MD5 <https://www.postgresql.org/docs/12/functions-binarystring.html>`__,not supported,""
`MD5_BINARY <https://docs.snowflake.net/manuals/sql-reference/functions/md5_binary.html>`__,not supported,not supported,""
`MD5_HEX <https://docs.snowflake.net/manuals/sql-reference/functions/md5.html>`__,not supported,not supported,""
`MD5_NUMBER Â DEPRECATED <https://docs.snowflake.net/manuals/sql-reference/functions/md5_number.html>`__,not supported,not supported,""
`MEDIAN <https://docs.snowflake.net/manuals/sql-reference/functions/median.html>`__,not supported,not supported,""
`MIN / MAX <https://docs.snowflake.net/manuals/sql-reference/functions/min.html>`__,not supported,not supported,""
`MINHASH <https://docs.snowflake.net/manuals/sql-reference/functions/minhash.html>`__,not supported,not supported,""
`MINHASH_COMBINE <https://docs.snowflake.net/manuals/sql-reference/functions/minhash_combine.html>`__,not supported,not supported,""
`MOD <https://docs.snowflake.net/manuals/sql-reference/functions/mod.html>`__,`MOD <https://www.postgresql.org/docs/12/functions-math.html>`__,not supported,""
`MODE <https://docs.snowflake.net/manuals/sql-reference/functions/mode.html>`__,`MODE <https://www.postgresql.org/docs/12/functions-aggregate.html>`__,not supported,""
`MONTHNAME <https://docs.snowflake.net/manuals/sql-reference/functions/monthname.html>`__,not supported,not supported,""
`NEXT_DAY <https://docs.snowflake.net/manuals/sql-reference/functions/next_day.html>`__,not supported,not supported,""
`NORMAL <https://docs.snowflake.net/manuals/sql-reference/functions/normal.html>`__,not supported,not supported,""
`NTH_VALUE <https://docs.snowflake.net/manuals/sql-reference/functions/nth_value.html>`__,`NTH_VALUE <https://www.postgresql.org/docs/12/functions-window.html>`__,not supported,""
`NTILE <https://docs.snowflake.net/manuals/sql-reference/functions/ntile.html>`__,`NTILE <https://www.postgresql.org/docs/12/functions-window.html>`__,not supported,""
`NULLIF <https://docs.snowflake.net/manuals/sql-reference/functions/nullif.html>`__,not supported,not supported,""
`NVL <https://docs.snowflake.net/manuals/sql-reference/functions/nvl.html>`__,not supported,not supported,""
`NVL2 <https://docs.snowflake.net/manuals/sql-reference/functions/nvl2.html>`__,not supported,not supported,""
`OBJECT_AGG <https://docs.snowflake.net/manuals/sql-reference/functions/object_agg.html>`__,not supported,not supported,""
`OBJECT_CONSTRUCT <https://docs.snowflake.net/manuals/sql-reference/functions/object_construct.html>`__,not supported,not supported,""
`OBJECT_DELETE <https://docs.snowflake.net/manuals/sql-reference/functions/object_delete.html>`__,not supported,not supported,""
`OBJECT_INSERT <https://docs.snowflake.net/manuals/sql-reference/functions/object_insert.html>`__,not supported,not supported,""
`OCTET_LENGTH <https://docs.snowflake.net/manuals/sql-reference/functions/octet_length.html>`__,`OCTET_LENGTH <https://www.postgresql.org/docs/12/functions-binarystring.html>`__,not supported,""
`PARSE_IP <https://docs.snowflake.net/manuals/sql-reference/functions/parse_ip.html>`__,not supported,not supported,""
`PARSE_JSON <https://docs.snowflake.net/manuals/sql-reference/functions/parse_json.html>`__,not supported,not supported,""
`PARSE_URL <https://docs.snowflake.net/manuals/sql-reference/functions/parse_url.html>`__,not supported,not supported,""
`PARSE_XML <https://docs.snowflake.net/manuals/sql-reference/functions/parse_xml.html>`__,not supported,not supported,""
`PERCENTILE_CONT <https://docs.snowflake.net/manuals/sql-reference/functions/percentile_cont.html>`__,`PERCENTILE_CONT <https://www.postgresql.org/docs/12/functions-aggregate.html>`__,not supported,""
`PERCENTILE_DISC <https://docs.snowflake.net/manuals/sql-reference/functions/percentile_disc.html>`__,`PERCENTILE_DISC <https://www.postgresql.org/docs/12/functions-aggregate.html>`__,not supported,""
`PERCENT_RANK <https://docs.snowflake.net/manuals/sql-reference/functions/percent_rank.html>`__,`PERCENT_RANK <https://www.postgresql.org/docs/12/functions-window.html>`__,not supported,""
`PI <https://docs.snowflake.net/manuals/sql-reference/functions/pi.html>`__,`PI <https://www.postgresql.org/docs/12/functions-math.html>`__,not supported,""
`PIPE_USAGE_HISTORY <https://docs.snowflake.net/manuals/sql-reference/functions/pipe_usage_history.html>`__,not supported,not supported,""
`POSITION <https://docs.snowflake.net/manuals/sql-reference/functions/position.html>`__,`POSITION <https://www.postgresql.org/docs/12/functions-binarystring.html>`__,not supported,""
`POW <https://docs.snowflake.net/manuals/sql-reference/functions/pow.html>`__,not supported,not supported,""
`POWER <https://docs.snowflake.net/manuals/sql-reference/functions/pow.html>`__,`POWER <https://www.postgresql.org/docs/12/functions-math.html>`__,not supported,""
`PREVIOUS_DAY <https://docs.snowflake.net/manuals/sql-reference/functions/previous_day.html>`__,not supported,not supported,""
`QUERY_HISTORY <https://docs.snowflake.net/manuals/sql-reference/functions/query_history.html>`__,not supported,not supported,""
`QUERY_HISTORY_BY_* <https://docs.snowflake.net/manuals/sql-reference/functions/query_history.html>`__,not supported,not supported,""
`RADIANS <https://docs.snowflake.net/manuals/sql-reference/functions/radians.html>`__,`RADIANS <https://www.postgresql.org/docs/12/functions-math.html>`__,not supported,""
`RANDOM <https://docs.snowflake.net/manuals/sql-reference/functions/random.html>`__,`RANDOM <https://www.postgresql.org/docs/12/functions-math.html>`__,not supported,""
`RANDSTR <https://docs.snowflake.net/manuals/sql-reference/functions/randstr.html>`__,not supported,not supported,""
`RANK <https://docs.snowflake.net/manuals/sql-reference/functions/rank.html>`__,`RANK <https://www.postgresql.org/docs/12/functions-window.html>`__,not supported,""
`RATIO_TO_REPORT <https://docs.snowflake.net/manuals/sql-reference/functions/ratio_to_report.html>`__,not supported,not supported,""
`REGEXP <https://docs.snowflake.net/manuals/sql-reference/functions/regexp.html>`__,not supported,not supported,""
`REGEXP_COUNT <https://docs.snowflake.net/manuals/sql-reference/functions/regexp_count.html>`__,not supported,not supported,""
`REGEXP_INSTR <https://docs.snowflake.net/manuals/sql-reference/functions/regexp_instr.html>`__,not supported,not supported,""
`REGEXP_LIKE <https://docs.snowflake.net/manuals/sql-reference/functions/regexp_like.html>`__,not supported,not supported,""
`REGEXP_REPLACE <https://docs.snowflake.net/manuals/sql-reference/functions/regexp_replace.html>`__,`REGEXP_REPLACE <https://www.postgresql.org/docs/12/functions-string.html>`__,not supported,""
`REGEXP_SUBSTR <https://docs.snowflake.net/manuals/sql-reference/functions/regexp_substr.html>`__,not supported,not supported,""
`REGR_AVGX <https://docs.snowflake.net/manuals/sql-reference/functions/regr_avgx.html>`__,`REGR_AVGX <https://www.postgresql.org/docs/12/functions-aggregate.html>`__,not supported,""
`REGR_AVGY <https://docs.snowflake.net/manuals/sql-reference/functions/regr_avgy.html>`__,`REGR_AVGY <https://www.postgresql.org/docs/12/functions-aggregate.html>`__,not supported,""
`REGR_COUNT <https://docs.snowflake.net/manuals/sql-reference/functions/regr_count.html>`__,`REGR_COUNT <https://www.postgresql.org/docs/12/functions-aggregate.html>`__,not supported,""
`REGR_INTERCEPT <https://docs.snowflake.net/manuals/sql-reference/functions/regr_intercept.html>`__,`REGR_INTERCEPT <https://www.postgresql.org/docs/12/functions-aggregate.html>`__,not supported,""
`REGR_R2 <https://docs.snowflake.net/manuals/sql-reference/functions/regr_r2.html>`__,`REGR_R2 <https://www.postgresql.org/docs/12/functions-aggregate.html>`__,not supported,""
`REGR_SLOPE <https://docs.snowflake.net/manuals/sql-reference/functions/regr_slope.html>`__,`REGR_SLOPE <https://www.postgresql.org/docs/12/functions-aggregate.html>`__,not supported,""
`REGR_SXX <https://docs.snowflake.net/manuals/sql-reference/functions/regr_sxx.html>`__,`REGR_SXX <https://www.postgresql.org/docs/12/functions-aggregate.html>`__,not supported,""
`REGR_SXY <https://docs.snowflake.net/manuals/sql-reference/functions/regr_sxy.html>`__,`REGR_SXY <https://www.postgresql.org/docs/12/functions-aggregate.html>`__,not supported,""
`REGR_SYY <https://docs.snowflake.net/manuals/sql-reference/functions/regr_syy.html>`__,`REGR_SYY <https://www.postgresql.org/docs/12/functions-aggregate.html>`__,not supported,""
`REGR_VALX <https://docs.snowflake.net/manuals/sql-reference/functions/regr_valx.html>`__,not supported,not supported,""
`REGR_VALY <https://docs.snowflake.net/manuals/sql-reference/functions/regr_valy.html>`__,not supported,not supported,""
`REPEAT <https://docs.snowflake.net/manuals/sql-reference/functions/repeat.html>`__,`REPEAT <https://www.postgresql.org/docs/12/functions-string.html>`__,not supported,""
`REPLACE <https://docs.snowflake.net/manuals/sql-reference/functions/replace.html>`__,`REPLACE <https://www.postgresql.org/docs/12/functions-string.html>`__,not supported,""
`REPLICATION_USAGE_HISTORY <https://docs.snowflake.net/manuals/sql-reference/functions/replication_usage_history.html>`__,not supported,not supported,""
`RESULT_SCAN <https://docs.snowflake.net/manuals/sql-reference/functions/result_scan.html>`__,not supported,not supported,""
`REVERSE <https://docs.snowflake.net/manuals/sql-reference/functions/reverse.html>`__,`REVERSE <https://www.postgresql.org/docs/12/functions-string.html>`__,not supported,""
`RIGHT <https://docs.snowflake.net/manuals/sql-reference/functions/right.html>`__,`RIGHT <https://www.postgresql.org/docs/12/functions-string.html>`__,not supported,""
`RLIKE <https://docs.snowflake.net/manuals/sql-reference/functions/rlike.html>`__,not supported,`RLIKE <https://bitbucket.org/healthunion/snowshu/src/master/snowshu/adapters/target_adapters/functions/RLIKE.sql>`__," supports only 1st syntax ie RLIKE(subject,pattern,args). 
Only supports the 'i' (case insensitive) flag at this time.
"
`ROUND <https://docs.snowflake.net/manuals/sql-reference/functions/round.html>`__,`ROUND <https://www.postgresql.org/docs/12/functions-math.html>`__,not supported,""
`ROW_NUMBER <https://docs.snowflake.net/manuals/sql-reference/functions/row_number.html>`__,`ROW_NUMBER <https://www.postgresql.org/docs/12/functions-window.html>`__,not supported,""
`RPAD <https://docs.snowflake.net/manuals/sql-reference/functions/rpad.html>`__,`RPAD <https://www.postgresql.org/docs/12/functions-string.html>`__,not supported,""
`RTRIM <https://docs.snowflake.net/manuals/sql-reference/functions/rtrim.html>`__,`RTRIM <https://www.postgresql.org/docs/12/functions-string.html>`__,not supported,""
`RTRIMMED_LENGTH <https://docs.snowflake.net/manuals/sql-reference/functions/rtrimmed_length.html>`__,not supported,not supported,""
`SEQ1 / SEQ2 / SEQ4 / SEQ8 <https://docs.snowflake.net/manuals/sql-reference/functions/seq1.html>`__,not supported,not supported,""
`SHA1 <https://docs.snowflake.net/manuals/sql-reference/functions/sha1.html>`__,not supported,not supported,""
`SHA1_BINARY <https://docs.snowflake.net/manuals/sql-reference/functions/sha1_binary.html>`__,not supported,not supported,""
`SHA1_HEX <https://docs.snowflake.net/manuals/sql-reference/functions/sha1.html>`__,not supported,not supported,""
`SHA2 <https://docs.snowflake.net/manuals/sql-reference/functions/sha2.html>`__,not supported,not supported,""
`SHA2_BINARY <https://docs.snowflake.net/manuals/sql-reference/functions/sha2_binary.html>`__,not supported,not supported,""
`SHA2_HEX <https://docs.snowflake.net/manuals/sql-reference/functions/sha2.html>`__,not supported,not supported,""
`SIGN <https://docs.snowflake.net/manuals/sql-reference/functions/sign.html>`__,`SIGN <https://www.postgresql.org/docs/12/functions-math.html>`__,not supported,""
`SIN <https://docs.snowflake.net/manuals/sql-reference/functions/sin.html>`__,`SIN <https://www.postgresql.org/docs/12/functions-math.html>`__,not supported,""
`SINH <https://docs.snowflake.net/manuals/sql-reference/functions/sinh.html>`__,`SINH <https://www.postgresql.org/docs/12/functions-math.html>`__,not supported,""
`SKEW <https://docs.snowflake.net/manuals/sql-reference/functions/skew.html>`__,not supported,not supported,""
`SNOWPIPE <https://docs.snowflake.net/manuals/sql-reference/../user-guide/data-load-snowpipe.html>`__,not supported,not supported,""
`SOUNDEX <https://docs.snowflake.net/manuals/sql-reference/functions/soundex.html>`__,not supported,not supported,""
`SPACE <https://docs.snowflake.net/manuals/sql-reference/functions/space.html>`__,not supported,not supported,""
`SPLIT <https://docs.snowflake.net/manuals/sql-reference/functions/split.html>`__,not supported,not supported,""
`SPLIT_PART <https://docs.snowflake.net/manuals/sql-reference/functions/split_part.html>`__,`SPLIT_PART <https://www.postgresql.org/docs/12/functions-string.html>`__,not supported,""
`SPLIT_TO_TABLE <https://docs.snowflake.net/manuals/sql-reference/functions/split_to_table.html>`__,not supported,not supported,""
`SQRT <https://docs.snowflake.net/manuals/sql-reference/functions/sqrt.html>`__,`SQRT <https://www.postgresql.org/docs/12/functions-math.html>`__,not supported,""
`SQUARE <https://docs.snowflake.net/manuals/sql-reference/functions/square.html>`__,not supported,not supported,""
`STAGE_STORAGE_USAGE_HISTORY <https://docs.snowflake.net/manuals/sql-reference/functions/stage_storage_usage_history.html>`__,not supported,not supported,""
`STARTSWITH <https://docs.snowflake.net/manuals/sql-reference/functions/startswith.html>`__,not supported,not supported,""
`STDDEV <https://docs.snowflake.net/manuals/sql-reference/functions/stddev.html>`__,`STDDEV <https://www.postgresql.org/docs/12/functions-aggregate.html>`__,not supported,""
`STDDEV_POP <https://docs.snowflake.net/manuals/sql-reference/functions/stddev_pop.html>`__,`STDDEV_POP <https://www.postgresql.org/docs/12/functions-aggregate.html>`__,not supported,""
`STDDEV_SAMP <https://docs.snowflake.net/manuals/sql-reference/functions/stddev_samp.html>`__,`STDDEV_SAMP <https://www.postgresql.org/docs/12/functions-aggregate.html>`__,not supported,""
`STRIP_NULL_VALUE <https://docs.snowflake.net/manuals/sql-reference/functions/strip_null_value.html>`__,not supported,not supported,""
`STRTOK <https://docs.snowflake.net/manuals/sql-reference/functions/strtok.html>`__,not supported,not supported,""
`STRTOK_SPLIT_TO_TABLE <https://docs.snowflake.net/manuals/sql-reference/functions/strtok_split_to_table.html>`__,not supported,not supported,""
`STRTOK_TO_ARRAY <https://docs.snowflake.net/manuals/sql-reference/functions/strtok_to_array.html>`__,not supported,not supported,""
`SUBSTR <https://docs.snowflake.net/manuals/sql-reference/functions/substr.html>`__,`SUBSTR <https://www.postgresql.org/docs/12/functions-string.html>`__,not supported,""
`SUBSTRING <https://docs.snowflake.net/manuals/sql-reference/functions/substr.html>`__,`SUBSTRING <https://www.postgresql.org/docs/12/functions-binarystring.html>`__,not supported,""
`SUM <https://docs.snowflake.net/manuals/sql-reference/functions/sum.html>`__,`SUM <https://www.postgresql.org/docs/12/functions-aggregate.html>`__,not supported,""
`SYSTEM$ABORT_SESSION <https://docs.snowflake.net/manuals/sql-reference/functions/system_abort_session.html>`__,not supported,not supported,""
`SYSTEM$ABORT_TRANSACTION <https://docs.snowflake.net/manuals/sql-reference/functions/system_abort_transaction.html>`__,not supported,not supported,""
`SYSTEM$CANCEL_ALL_QUERIES <https://docs.snowflake.net/manuals/sql-reference/functions/system_cancel_all_queries.html>`__,not supported,not supported,""
`SYSTEM$CANCEL_QUERY <https://docs.snowflake.net/manuals/sql-reference/functions/system_cancel_query.html>`__,not supported,not supported,""
`SYSTEM$CLUSTERING_DEPTH <https://docs.snowflake.net/manuals/sql-reference/functions/system_clustering_depth.html>`__,not supported,not supported,""
`SYSTEM$CLUSTERING_INFORMATION <https://docs.snowflake.net/manuals/sql-reference/functions/system_clustering_information.html>`__,not supported,not supported,""
`SYSTEM$CLUSTERING_RATIO Â DEPRECATED <https://docs.snowflake.net/manuals/sql-reference/functions/system_clustering_ratio.html>`__,not supported,not supported,""
`SYSTEM$CURRENT_USER_TASK_NAME <https://docs.snowflake.net/manuals/sql-reference/functions/system_current_user_task_name.html>`__,not supported,not supported,""
`SYSTEM$DATABASE_REFRESH_HISTORY <https://docs.snowflake.net/manuals/sql-reference/functions/system_database_refresh_history.html>`__,not supported,not supported,""
`SYSTEM$DATABASE_REFRESH_PROGRESS <https://docs.snowflake.net/manuals/sql-reference/functions/system_database_refresh_progress.html>`__,not supported,not supported,""
`SYSTEM$DATABASE_REFRESH_PROGRESS_BY_JOB <https://docs.snowflake.net/manuals/sql-reference/functions/system_database_refresh_progress.html>`__,not supported,not supported,""
`SYSTEM$EXPLAIN_JSON_TO_TEXT <https://docs.snowflake.net/manuals/sql-reference/functions/system_explain_json_to_text.html>`__,not supported,not supported,""
`SYSTEM$EXPLAIN_PLAN_JSON <https://docs.snowflake.net/manuals/sql-reference/functions/system_explain_plan_json.html>`__,not supported,not supported,""
`SYSTEM$GET_AWS_SNS_IAM_POLICY <https://docs.snowflake.net/manuals/sql-reference/functions/system_get_aws_sns_iam_policy.html>`__,not supported,not supported,""
`SYSTEM$GET_PREDECESSOR_RETURN_VALUE <https://docs.snowflake.net/manuals/sql-reference/functions/system_get_predecessor_return_value.html>`__,not supported,not supported,""
`SYSTEM$LAST_CHANGE_COMMIT_TIME <https://docs.snowflake.net/manuals/sql-reference/functions/system_last_change_commit_time.html>`__,not supported,not supported,""
`SYSTEM$PIPE_FORCE_RESUME <https://docs.snowflake.net/manuals/sql-reference/functions/system_pipe_force_resume.html>`__,not supported,not supported,""
`SYSTEM$PIPE_STATUS <https://docs.snowflake.net/manuals/sql-reference/functions/system_pipe_status.html>`__,not supported,not supported,""
`SYSTEM$SET_RETURN_VALUE <https://docs.snowflake.net/manuals/sql-reference/functions/system_set_return_value.html>`__,not supported,not supported,""
`SYSTEM$SHOW_OAUTH_CLIENT_SECRETS <https://docs.snowflake.net/manuals/sql-reference/functions/system_show_oauth_client_secrets.html>`__,not supported,not supported,""
`SYSTEM$STREAM_GET_TABLE_TIMESTAMP <https://docs.snowflake.net/manuals/sql-reference/functions/system_stream_get_table_timestamp.html>`__,not supported,not supported,""
`SYSTEM$STREAM_HAS_DATA <https://docs.snowflake.net/manuals/sql-reference/functions/system_stream_has_data.html>`__,not supported,not supported,""
`SYSTEM$TASK_DEPENDENTS_ENABLE <https://docs.snowflake.net/manuals/sql-reference/functions/system_task_dependents_enable.html>`__,not supported,not supported,""
`SYSTEM$TYPEOF <https://docs.snowflake.net/manuals/sql-reference/functions/system_typeof.html>`__,not supported,not supported,""
`SYSTEM$USER_TASK_CANCEL_ONGOING_EXECUTIONS <https://docs.snowflake.net/manuals/sql-reference/functions/system_user_task_cancel_ongoing_executions.html>`__,not supported,not supported,""
`SYSTEM$VERIFY_EXTERNAL_OAUTH_TOKEN <https://docs.snowflake.net/manuals/sql-reference/functions/system_verify_ext_oauth_token.html>`__,not supported,not supported,""
`SYSTEM$WAIT <https://docs.snowflake.net/manuals/sql-reference/functions/system_wait.html>`__,not supported,not supported,""
`SYSTEM$WHITELIST <https://docs.snowflake.net/manuals/sql-reference/functions/system_whitelist.html>`__,not supported,not supported,""
`SYSTEM$WHITELIST_PRIVATELINK <https://docs.snowflake.net/manuals/sql-reference/functions/system_whitelist_privatelink.html>`__,not supported,not supported,""
`TAN <https://docs.snowflake.net/manuals/sql-reference/functions/tan.html>`__,`TAN <https://www.postgresql.org/docs/12/functions-math.html>`__,not supported,""
`TANH <https://docs.snowflake.net/manuals/sql-reference/functions/tanh.html>`__,`TANH <https://www.postgresql.org/docs/12/functions-math.html>`__,not supported,""
`TASK <https://docs.snowflake.net/manuals/sql-reference/../user-guide/tasks.html>`__,not supported,not supported,""
`TASKS <https://docs.snowflake.net/manuals/sql-reference/../user-guide/tasks.html>`__,not supported,not supported,""
`TASK_DEPENDENTS <https://docs.snowflake.net/manuals/sql-reference/functions/task_dependents.html>`__,not supported,not supported,""
`TASK_HISTORY <https://docs.snowflake.net/manuals/sql-reference/functions/task_history.html>`__,not supported,not supported,""
`TIMEADD <https://docs.snowflake.net/manuals/sql-reference/functions/timeadd.html>`__,not supported,not supported,""
`TIMEDIFF <https://docs.snowflake.net/manuals/sql-reference/functions/timediff.html>`__,not supported,not supported,""
`TIMESTAMPADD <https://docs.snowflake.net/manuals/sql-reference/functions/timestampadd.html>`__,not supported,not supported,""
`TIMESTAMPDIFF <https://docs.snowflake.net/manuals/sql-reference/functions/timestampdiff.html>`__,not supported,not supported,""
`TIMESTAMP_FROM_PARTS <https://docs.snowflake.net/manuals/sql-reference/functions/timestamp_from_parts.html>`__,not supported,not supported,""
`TIME_FROM_PARTS <https://docs.snowflake.net/manuals/sql-reference/functions/time_from_parts.html>`__,not supported,not supported,""
`TIME_SLICE <https://docs.snowflake.net/manuals/sql-reference/functions/time_slice.html>`__,not supported,not supported,""
`TO_ARRAY <https://docs.snowflake.net/manuals/sql-reference/functions/to_array.html>`__,not supported,not supported,""
`TO_BINARY <https://docs.snowflake.net/manuals/sql-reference/functions/to_binary.html>`__,not supported,not supported,""
`TO_BOOLEAN <https://docs.snowflake.net/manuals/sql-reference/functions/to_boolean.html>`__,not supported,not supported,""
`TO_CHAR <https://docs.snowflake.net/manuals/sql-reference/functions/to_char.html>`__,`TO_CHAR <https://www.postgresql.org/docs/12/functions-formatting.html>`__,not supported,""
`TO_DATE <https://docs.snowflake.net/manuals/sql-reference/functions/to_date.html>`__,`TO_DATE <https://www.postgresql.org/docs/12/functions-formatting.html>`__,not supported,""
`TO_DECIMAL <https://docs.snowflake.net/manuals/sql-reference/functions/to_decimal.html>`__,not supported,not supported,""
`TO_DOUBLE <https://docs.snowflake.net/manuals/sql-reference/functions/to_double.html>`__,not supported,not supported,""
`TO_JSON <https://docs.snowflake.net/manuals/sql-reference/functions/to_json.html>`__,`TO_JSON <https://www.postgresql.org/docs/12/functions-json.html>`__,not supported,""
`TO_NUMBER <https://docs.snowflake.net/manuals/sql-reference/functions/to_decimal.html>`__,`TO_NUMBER <https://www.postgresql.org/docs/12/functions-formatting.html>`__,not supported,""
`TO_NUMERIC <https://docs.snowflake.net/manuals/sql-reference/functions/to_decimal.html>`__,not supported,not supported,""
`TO_OBJECT <https://docs.snowflake.net/manuals/sql-reference/functions/to_object.html>`__,not supported,not supported,""
`TO_TIME <https://docs.snowflake.net/manuals/sql-reference/functions/to_time.html>`__,not supported,not supported,""
`TO_TIMESTAMP / TO_TIMESTAMP_* <https://docs.snowflake.net/manuals/sql-reference/functions/to_timestamp.html>`__,not supported,not supported,""
`TO_VARCHAR <https://docs.snowflake.net/manuals/sql-reference/functions/to_char.html>`__,not supported,not supported,""
`TO_VARIANT <https://docs.snowflake.net/manuals/sql-reference/functions/to_variant.html>`__,not supported,not supported,""
`TO_XML <https://docs.snowflake.net/manuals/sql-reference/functions/to_xml.html>`__,not supported,not supported,""
`TRANSLATE <https://docs.snowflake.net/manuals/sql-reference/functions/translate.html>`__,`TRANSLATE <https://www.postgresql.org/docs/12/functions-string.html>`__,not supported,""
`TRIM <https://docs.snowflake.net/manuals/sql-reference/functions/trim.html>`__,`TRIM <https://www.postgresql.org/docs/12/functions-binarystring.html>`__,not supported,""
`TRUNC <https://docs.snowflake.net/manuals/sql-reference/functions/trunc.html>`__,`TRUNC <https://www.postgresql.org/docs/12/functions-net.html>`__,not supported,""
`TRUNCATE <https://docs.snowflake.net/manuals/sql-reference/functions/trunc.html>`__,`TRUNCATE <https://www.postgresql.org/docs/current/sql-truncate.html>`__,not supported,""
`TRY_BASE64_DECODE_BINARY <https://docs.snowflake.net/manuals/sql-reference/functions/try_base64_decode_binary.html>`__,not supported,not supported,""
`TRY_BASE64_DECODE_STRING <https://docs.snowflake.net/manuals/sql-reference/functions/try_base64_decode_string.html>`__,not supported,not supported,""
`TRY_CAST <https://docs.snowflake.net/manuals/sql-reference/functions/try_cast.html>`__,not supported,not supported,""
`TRY_HEX_DECODE_BINARY <https://docs.snowflake.net/manuals/sql-reference/functions/try_hex_decode_binary.html>`__,not supported,not supported,""
`TRY_HEX_DECODE_STRING <https://docs.snowflake.net/manuals/sql-reference/functions/try_hex_decode_string.html>`__,not supported,not supported,""
`TRY_PARSE_JSON <https://docs.snowflake.net/manuals/sql-reference/functions/try_parse_json.html>`__,not supported,not supported,""
`TRY_TO_BINARY <https://docs.snowflake.net/manuals/sql-reference/functions/try_to_binary.html>`__,not supported,not supported,""
`TRY_TO_BOOLEAN <https://docs.snowflake.net/manuals/sql-reference/functions/try_to_boolean.html>`__,not supported,not supported,""
`TRY_TO_DATE <https://docs.snowflake.net/manuals/sql-reference/functions/try_to_date.html>`__,not supported,not supported,""
`TRY_TO_DECIMAL <https://docs.snowflake.net/manuals/sql-reference/functions/try_to_decimal.html>`__,not supported,not supported,""
`TRY_TO_DOUBLE <https://docs.snowflake.net/manuals/sql-reference/functions/try_to_double.html>`__,not supported,not supported,""
`TRY_TO_NUMBER <https://docs.snowflake.net/manuals/sql-reference/functions/try_to_decimal.html>`__,not supported,not supported,""
`TRY_TO_NUMERIC <https://docs.snowflake.net/manuals/sql-reference/functions/try_to_decimal.html>`__,not supported,not supported,""
`TRY_TO_TIME <https://docs.snowflake.net/manuals/sql-reference/functions/try_to_time.html>`__,not supported,not supported,""
`TRY_TO_TIMESTAMP / TRY_TO_TIMESTAMP_* <https://docs.snowflake.net/manuals/sql-reference/functions/try_to_timestamp.html>`__,not supported,not supported,""
`TYPEOF <https://docs.snowflake.net/manuals/sql-reference/functions/typeof.html>`__,not supported,not supported,""
`UNICODE <https://docs.snowflake.net/manuals/sql-reference/functions/unicode.html>`__,not supported,not supported,""
`UNIFORM <https://docs.snowflake.net/manuals/sql-reference/functions/uniform.html>`__,not supported,not supported,""
`UPPER <https://docs.snowflake.net/manuals/sql-reference/functions/upper.html>`__,`UPPER <https://www.postgresql.org/docs/12/functions-range.html>`__,not supported,""
`UUID_STRING <https://docs.snowflake.net/manuals/sql-reference/functions/uuid_string.html>`__,not supported,not supported,""
`VALIDATE <https://docs.snowflake.net/manuals/sql-reference/functions/validate.html>`__,not supported,not supported,""
`VALIDATE_PIPE_LOAD <https://docs.snowflake.net/manuals/sql-reference/functions/validate_pipe_load.html>`__,not supported,not supported,""
`VARIANCE <https://docs.snowflake.net/manuals/sql-reference/functions/variance.html>`__,`VARIANCE <https://www.postgresql.org/docs/12/functions-aggregate.html>`__,not supported,""
`VARIANCE_POP <https://docs.snowflake.net/manuals/sql-reference/functions/variance_pop.html>`__,not supported,not supported,""
`VARIANCE_SAMP <https://docs.snowflake.net/manuals/sql-reference/functions/variance.html>`__,not supported,not supported,""
`VAR_POP <https://docs.snowflake.net/manuals/sql-reference/functions/var_pop.html>`__,`VAR_POP <https://www.postgresql.org/docs/12/functions-aggregate.html>`__,not supported,""
`VAR_SAMP <https://docs.snowflake.net/manuals/sql-reference/functions/var_samp.html>`__,`VAR_SAMP <https://www.postgresql.org/docs/12/functions-aggregate.html>`__,not supported,""
`WAREHOUSE_LOAD_HISTORY <https://docs.snowflake.net/manuals/sql-reference/functions/warehouse_load_history.html>`__,not supported,not supported,""
`WAREHOUSE_METERING_HISTORY <https://docs.snowflake.net/manuals/sql-reference/functions/warehouse_metering_history.html>`__,not supported,not supported,""
`WIDTH_BUCKET <https://docs.snowflake.net/manuals/sql-reference/functions/width_bucket.html>`__,`WIDTH_BUCKET <https://www.postgresql.org/docs/12/functions-math.html>`__,not supported,""
`XMLGET <https://docs.snowflake.net/manuals/sql-reference/functions/xmlget.html>`__,not supported,not supported,""
`YEAR* / DAY* / WEEK* / MONTH / QUARTER <https://docs.snowflake.net/manuals/sql-reference/functions/year.html>`__,not supported,not supported,""
`ZEROIFNULL <https://docs.snowflake.net/manuals/sql-reference/functions/zeroifnull.html>`__,not supported,not supported,""
`ZIPF <https://docs.snowflake.net/manuals/sql-reference/functions/zipf.html>`__,not supported,not supported,""
`|| <https://docs.snowflake.net/manuals/sql-reference/functions/concat.html>`__,`|| <https://www.postgresql.org/docs/12/functions-array.html>`__,not supported,""
